site,pid,dice,hausdorff95,precision,recall,f1,n_pred_lesions,n_gt_lesions,n_tp_lesions
Amsterdam/GE1T5,150,0.6957,4.36,0.88,0.3929,0.5432,25,56,22
Amsterdam/GE1T5,151,0.779,2.24,0.6163,0.3706,0.4629,86,143,53
Amsterdam/GE1T5,152,0.7397,3.16,0.75,0.6,0.6667,52,65,39
Amsterdam/GE1T5,153,0.449,23.7,0.3871,0.3636,0.375,31,33,12
Amsterdam/GE1T5,154,0.8168,2.24,0.697,0.46,0.5542,33,50,23
Amsterdam/GE1T5,155,0.7584,3.0,0.8679,0.5198,0.6502,106,177,92
Amsterdam/GE1T5,156,0.4596,33.35,0.5938,0.4318,0.5,32,44,19
Amsterdam/GE1T5,157,0.6128,12.61,0.8182,0.3333,0.4737,11,27,9
Amsterdam/GE1T5,158,0.6578,5.1,0.875,0.4946,0.6319,104,184,91
Amsterdam/GE1T5,159,0.7085,3.16,0.687,0.454,0.5467,115,174,79
Amsterdam/GE3T,111,0.7788,2.0,0.7234,0.3469,0.469,47,98,34
Amsterdam/GE3T,117,0.7469,3.0,0.3974,0.2743,0.3246,78,113,31
Amsterdam/GE3T,118,0.4863,20.67,0.7,0.2692,0.3889,30,78,21
Amsterdam/GE3T,119,0.8195,2.0,0.75,0.3231,0.4516,28,65,21
Amsterdam/GE3T,120,0.6359,7.21,0.72,0.3333,0.4557,50,108,36
Amsterdam/GE3T,121,0.7545,4.24,0.5862,0.3148,0.4096,29,54,17
Amsterdam/GE3T,122,0.6472,8.06,0.4571,0.4324,0.4444,35,37,16
Amsterdam/GE3T,123,0.3509,12.19,0.5278,0.4318,0.475,36,44,19
Amsterdam/GE3T,124,0.6848,3.16,0.5106,0.5333,0.5217,47,45,24
Amsterdam/GE3T,125,0.5071,7.62,0.6667,0.25,0.3636,9,24,6
Amsterdam/GE3T,127,0.6129,9.73,0.2051,0.2,0.2025,39,40,8
Amsterdam/GE3T,128,0.7757,3.61,0.6848,0.3405,0.4549,92,185,63
Amsterdam/GE3T,129,0.7814,2.24,0.679,0.3986,0.5023,81,138,55
Amsterdam/GE3T,130,0.6334,15.95,0.7838,0.2685,0.4,37,108,29
Amsterdam/GE3T,131,0.6364,6.16,0.6667,0.3103,0.4235,27,58,18
Amsterdam/GE3T,133,0.7515,3.0,0.931,0.4655,0.6207,29,58,27
Amsterdam/GE3T,134,0.7621,3.0,0.7458,0.4583,0.5677,59,96,44
Amsterdam/GE3T,135,0.8331,2.0,0.6087,0.3111,0.4118,23,45,14
Amsterdam/GE3T,136,0.5943,3.84,0.6,0.5714,0.5854,20,21,12
Amsterdam/GE3T,138,0.5297,11.21,0.4762,0.3333,0.3922,42,60,20
Amsterdam/GE3T,139,0.6313,9.9,0.7917,0.4086,0.539,48,93,38
Amsterdam/GE3T,140,0.8187,2.0,0.7917,0.3585,0.4935,24,53,19
Amsterdam/GE3T,141,0.5022,12.04,0.5714,0.3,0.3934,21,40,12
Amsterdam/GE3T,142,0.8173,2.0,0.6,0.3176,0.4154,45,85,27
Amsterdam/GE3T,143,0.8354,2.24,0.8333,0.5738,0.6796,42,61,35
Amsterdam/GE3T,145,0.746,5.0,0.7222,0.323,0.4464,72,161,52
Amsterdam/GE3T,146,0.6151,7.21,0.6212,0.2828,0.3886,66,145,41
Amsterdam/GE3T,147,0.6766,5.66,0.8481,0.482,0.6147,79,139,67
Amsterdam/GE3T,148,0.7266,3.16,0.6129,0.4043,0.4872,31,47,19
Amsterdam/GE3T,149,0.6956,3.16,0.82,0.4607,0.5899,50,89,41
Amsterdam/Philips_VU .PETMR_01.,160,0.8118,3.0,0.5,0.1522,0.2333,42,138,21
Amsterdam/Philips_VU .PETMR_01.,161,0.7831,3.0,0.8507,0.5481,0.6667,67,104,57
Amsterdam/Philips_VU .PETMR_01.,162,0.6477,6.4,0.6429,0.2384,0.3478,56,151,36
Amsterdam/Philips_VU .PETMR_01.,163,0.5356,16.72,0.3913,0.2143,0.2769,23,42,9
Amsterdam/Philips_VU .PETMR_01.,164,0.7522,3.32,0.5,0.25,0.3333,20,40,10
Amsterdam/Philips_VU .PETMR_01.,165,0.6203,12.45,0.6346,0.287,0.3952,52,115,33
Amsterdam/Philips_VU .PETMR_01.,166,0.8395,1.41,0.5161,0.4848,0.5,31,33,16
Amsterdam/Philips_VU .PETMR_01.,167,0.7503,3.16,0.525,0.2819,0.3668,80,149,42
Amsterdam/Philips_VU .PETMR_01.,168,0.4049,29.69,0.2955,0.3023,0.2989,44,43,13
Amsterdam/Philips_VU .PETMR_01.,169,0.7707,6.08,0.6829,0.3027,0.4195,82,185,56
Singapore,70,0.7452,3.61,0.5581,0.2892,0.381,43,83,24
Singapore,71,0.8202,2.24,0.5278,0.2923,0.3762,36,65,19
Singapore,72,0.8152,2.83,0.32,0.1356,0.1905,25,59,8
Singapore,73,0.4606,27.74,0.35,0.25,0.2917,20,28,7
Singapore,74,0.6758,18.49,0.4615,0.383,0.4186,39,47,18
Singapore,75,0.464,11.87,0.4783,0.3438,0.4,23,32,11
Singapore,76,0.589,21.06,0.5926,0.2319,0.3333,27,69,16
Singapore,77,0.7511,3.61,0.65,0.2203,0.3291,40,118,26
Singapore,78,0.7073,16.17,0.5,0.2051,0.2909,16,39,8
Singapore,79,0.7728,3.0,0.3462,0.375,0.36,26,24,9
Singapore,80,0.7967,3.0,0.6415,0.3696,0.469,53,92,34
Singapore,81,0.8192,2.0,0.44,0.22,0.2933,25,50,11
Singapore,82,0.8168,3.0,0.8077,0.2658,0.4,26,79,21
Singapore,83,0.7434,7.81,0.7451,0.4318,0.5468,51,88,38
Singapore,84,0.7733,3.32,0.7361,0.3292,0.4549,72,161,53
Singapore,85,0.8115,3.0,0.6296,0.1954,0.2982,27,87,17
Singapore,86,0.84,3.0,0.6667,0.28,0.3944,42,100,28
Singapore,87,0.8564,1.41,0.6957,0.2353,0.3516,23,68,16
Singapore,88,0.7196,6.71,0.6727,0.3592,0.4684,55,103,37
Singapore,89,0.5043,16.49,0.7,0.3333,0.4516,10,21,7
Singapore,90,0.7009,4.24,0.84,0.2593,0.3962,25,81,21
Singapore,91,0.517,21.19,0.3462,0.2195,0.2687,26,41,9
Singapore,92,0.7883,3.0,0.6154,0.2991,0.4025,52,107,32
Singapore,93,0.7818,3.61,0.5854,0.3529,0.4404,41,68,24
Singapore,94,0.8126,2.24,0.6897,0.2439,0.3604,29,82,20
Singapore,95,0.8142,3.0,0.5556,0.1705,0.2609,27,88,15
Singapore,96,0.7222,3.32,0.4848,0.1711,0.253,66,187,32
Singapore,97,0.7975,2.97,0.7273,0.3333,0.4571,22,48,16
Singapore,98,0.727,11.56,0.8235,0.2333,0.3636,17,60,14
Singapore,99,0.7314,13.49,0.6,0.1957,0.2951,15,46,9
Utrecht,1,0.5186,19.33,0.5263,0.2597,0.3478,38,77,20
Utrecht,10,0.6351,8.54,0.5094,0.3649,0.4252,53,74,27
Utrecht,12,0.4853,19.21,0.2759,0.1778,0.2162,29,45,8
Utrecht,13,0.8149,3.0,0.5161,0.2092,0.2977,62,153,32
Utrecht,14,0.7435,3.61,0.6897,0.3008,0.4188,58,133,40
Utrecht,15,0.6834,12.53,0.5517,0.2667,0.3596,29,60,16
Utrecht,16,0.7512,3.32,0.6923,0.3659,0.4787,65,123,45
Utrecht,18,0.6303,12.91,0.6216,0.46,0.5287,37,50,23
Utrecht,20,0.6137,7.0,0.2366,0.22,0.228,93,100,22
Utrecht,22,0.7652,5.83,0.2785,0.4,0.3284,79,55,22
Utrecht,24,0.7985,3.32,0.5385,0.2143,0.3066,39,98,21
Utrecht,26,0.869,1.41,0.5814,0.3012,0.3968,43,83,25
Utrecht,28,0.8367,3.0,0.6333,0.2879,0.3958,30,66,19
Utrecht,3,0.7682,3.0,0.766,0.2975,0.4286,47,121,36
Utrecht,30,0.8393,2.0,0.8421,0.3556,0.5,38,90,32
Utrecht,32,0.6838,4.15,0.3043,0.2727,0.2877,69,77,21
Utrecht,34,0.6488,26.4,0.6818,0.3191,0.4348,22,47,15
Utrecht,36,0.5479,25.63,0.5,0.1818,0.2667,20,55,10
Utrecht,38,0.6052,10.18,0.6071,0.3469,0.4416,56,98,34
Utrecht,40,0.8038,3.0,0.5741,0.4026,0.4733,54,77,31
Utrecht,42,0.7528,3.0,0.6842,0.2167,0.3291,38,120,26
Utrecht,43,0.3517,26.24,0.2273,0.3704,0.2817,44,27,10
Utrecht,44,0.672,5.0,0.7778,0.3889,0.5185,36,72,28
Utrecht,45,0.7175,12.45,0.6667,0.4615,0.5455,36,52,24
Utrecht,46,0.845,1.41,0.6857,0.3158,0.4324,35,76,24
Utrecht,47,0.693,5.0,0.5922,0.2629,0.3642,103,232,61
Utrecht,48,0.4147,21.26,0.2133,0.3902,0.2759,75,41,16
Utrecht,5,0.5063,20.98,0.3846,0.4762,0.4255,26,21,10
Utrecht,7,0.8267,2.83,0.7436,0.299,0.4265,39,97,29
Utrecht,9,0.6212,6.78,0.0455,0.075,0.0566,66,40,3
